{"mean":{"confidence_interval":{"confidence_level":0.95,"lower_bound":0.025761129402792494,"upper_bound":0.03728831783216724},"point_estimate":0.03151633091564787,"standard_error":0.0029426500286888657},"median":{"confidence_interval":{"confidence_level":0.95,"lower_bound":0.02422460265367632,"upper_bound":0.03973200771800722},"point_estimate":0.03222936002632193,"standard_error":0.0033588440066739554}}