{"mean":{"confidence_interval":{"confidence_level":0.95,"lower_bound":72.86851421400843,"upper_bound":73.18700116173103},"point_estimate":73.00158471313419,"standard_error":0.08293788628100422},"median":{"confidence_interval":{"confidence_level":0.95,"lower_bound":72.80909961528494,"upper_bound":72.83473377547962},"point_estimate":72.8202396153695,"standard_error":0.008217592669253034},"median_abs_dev":{"confidence_interval":{"confidence_level":0.95,"lower_bound":0.06726750545261902,"upper_bound":0.1109969068790436},"point_estimate":0.08643462299988186,"standard_error":0.010887590247370274},"slope":{"confidence_interval":{"confidence_level":0.95,"lower_bound":72.91316507822398,"upper_bound":73.68222418142693},"point_estimate":73.2329612732158,"standard_error":0.20161424498761404},"std_dev":{"confidence_interval":{"confidence_level":0.95,"lower_bound":0.2519620933917856,"upper_bound":1.3176352223040797},"point_estimate":0.8327733207527772,"standard_error":0.30073264880331163}}