{"mean":{"confidence_interval":{"confidence_level":0.95,"lower_bound":12400928947.9225,"upper_bound":12582408542.175},"point_estimate":12491103211.2,"standard_error":46507367.11114845},"median":{"confidence_interval":{"confidence_level":0.95,"lower_bound":12364791347.0,"upper_bound":12604065160.0},"point_estimate":12487546749.0,"standard_error":58537152.02704561},"median_abs_dev":{"confidence_interval":{"confidence_level":0.95,"lower_bound":39945848.98771942,"upper_bound":261057257.4939072},"point_estimate":143457466.87062085,"standard_error":58279643.79207687},"slope":null,"std_dev":{"confidence_interval":{"confidence_level":0.95,"lower_bound":84934987.18007803,"upper_bound":198588576.32164344},"point_estimate":154838347.63800332,"standard_error":29118724.726809237}}