{"mean":{"confidence_interval":{"confidence_level":0.95,"lower_bound":4297.930460067013,"upper_bound":4638.895727957373},"point_estimate":4461.624555392139,"standard_error":87.54943564711758},"median":{"confidence_interval":{"confidence_level":0.95,"lower_bound":3993.3811497326205,"upper_bound":4279.563257575757},"point_estimate":4146.037763929618,"standard_error":90.1465612333168},"median_abs_dev":{"confidence_interval":{"confidence_level":0.95,"lower_bound":290.4395449732124,"upper_bound":679.137767339658},"point_estimate":483.6790378136264,"standard_error":111.08701883452663},"slope":{"confidence_interval":{"confidence_level":0.95,"lower_bound":4239.867641881149,"upper_bound":4616.3008453513485},"point_estimate":4421.135287652646,"standard_error":97.1599816598136},"std_dev":{"confidence_interval":{"confidence_level":0.95,"lower_bound":654.9329390389917,"upper_bound":1096.4399307908743},"point_estimate":881.500930413097,"standard_error":112.32448111218328}}