{"mean":{"confidence_interval":{"confidence_level":0.95,"lower_bound":377100337.82,"upper_bound":391446060.96},"point_estimate":384393376.72,"standard_error":3659166.945930039},"median":{"confidence_interval":{"confidence_level":0.95,"lower_bound":409084135.5,"upper_bound":411360523.0},"point_estimate":410540577.5,"standard_error":5833762.472724437},"median_abs_dev":{"confidence_interval":{"confidence_level":0.95,"lower_bound":3367791.0746097565,"upper_bound":12473767.40514636},"point_estimate":6504009.670230746,"standard_error":4067268.1441236376},"slope":null,"std_dev":{"confidence_interval":{"confidence_level":0.95,"lower_bound":33877651.50025764,"upper_bound":37604141.29640927},"point_estimate":36432165.35803313,"standard_error":973449.3214668831}}