{"mean":{"confidence_interval":{"confidence_level":0.95,"lower_bound":1305474384.46,"upper_bound":1333011525.83},"point_estimate":1319412931.13,"standard_error":7040606.213279491},"median":{"confidence_interval":{"confidence_level":0.95,"lower_bound":1334772475.0,"upper_bound":1359634067.0},"point_estimate":1349815702.5,"standard_error":6318778.151526868},"median_abs_dev":{"confidence_interval":{"confidence_level":0.95,"lower_bound":30363694.904136658,"upper_bound":71768680.66459851},"point_estimate":44450354.651248455,"standard_error":10713868.259310462},"slope":null,"std_dev":{"confidence_interval":{"confidence_level":0.95,"lower_bound":62783666.73104862,"upper_bound":76874161.77350166},"point_estimate":70839433.78511949,"standard_error":3578683.1920213723}}