{"mean":{"confidence_interval":{"confidence_level":0.95,"lower_bound":3193.4279948998774,"upper_bound":3387.4142004047403},"point_estimate":3287.0418826093683,"standard_error":49.71551545806071},"median":{"confidence_interval":{"confidence_level":0.95,"lower_bound":3109.0196736312337,"upper_bound":3301.4182267531664},"point_estimate":3194.6725657207585,"standard_error":43.2640365961309},"median_abs_dev":{"confidence_interval":{"confidence_level":0.95,"lower_bound":312.10352333063895,"upper_bound":499.1506764521593},"point_estimate":399.29285020801444,"standard_error":46.21492265659814},"slope":{"confidence_interval":{"confidence_level":0.95,"lower_bound":3070.9912370199613,"upper_bound":3209.7056142317138},"point_estimate":3139.8020192013805,"standard_error":35.46504930488636},"std_dev":{"confidence_interval":{"confidence_level":0.95,"lower_bound":397.8426253397055,"upper_bound":589.3613298279749},"point_estimate":499.30402368788106,"standard_error":48.87640927835548}}