{"mean":{"confidence_interval":{"confidence_level":0.95,"lower_bound":1089583415.0525155,"upper_bound":1182722791.8447223},"point_estimate":1139689468.526091,"standard_error":23948559.875088498},"median":{"confidence_interval":{"confidence_level":0.95,"lower_bound":1085719839.2,"upper_bound":1200038583.0},"point_estimate":1178682864.9791665,"standard_error":39474278.38363229},"median_abs_dev":{"confidence_interval":{"confidence_level":0.95,"lower_bound":5208274.311559706,"upper_bound":159768647.3305046},"point_estimate":43836178.923498705,"standard_error":38872838.03377327},"slope":{"confidence_interval":{"confidence_level":0.95,"lower_bound":1063510002.3746479,"upper_bound":1196589796.782286},"point_estimate":1138143486.961039,"standard_error":34044717.2525241},"std_dev":{"confidence_interval":{"confidence_level":0.95,"lower_bound":37470731.83756016,"upper_bound":106212203.65475844},"point_estimate":79907777.44388685,"standard_error":18600105.613327183}}