{"mean":{"confidence_interval":{"confidence_level":0.95,"lower_bound":4278414090.3,"upper_bound":4371788910.125},"point_estimate":4315816055.4,"standard_error":25215678.3049953},"median":{"confidence_interval":{"confidence_level":0.95,"lower_bound":4275031004.0,"upper_bound":4320676512.0},"point_estimate":4296862764.5,"standard_error":11316106.296845123},"median_abs_dev":{"confidence_interval":{"confidence_level":0.95,"lower_bound":1262029.1277945042,"upper_bound":68925811.83872223},"point_estimate":23598615.687140822,"standard_error":20700617.077307235},"slope":null,"std_dev":{"confidence_interval":{"confidence_level":0.95,"lower_bound":17213873.274751257,"upper_bound":126729436.29860985},"point_estimate":84000706.31143554,"standard_error":35552602.94458249}}